millis,stamp,datetime,motion
1000, 1501353176, 2017/7/29 18:32:56, Active
1999, 1501353177, 2017/7/29 18:32:57, Active
2999, 1501353178, 2017/7/29 18:32:58, Active
3999, 1501353179, 2017/7/29 18:32:59, Active
4999, 1501353180, 2017/7/29 18:33:0, Active
5999, 1501353181, 2017/7/29 18:33:1, Active
7000, 1501353182, 2017/7/29 18:33:2, Active
7999, 1501353183, 2017/7/29 18:33:3, Active
8999, 1501353184, 2017/7/29 18:33:4, Active
9999, 1501353185, 2017/7/29 18:33:5, Active
10999, 1501353186, 2017/7/29 18:33:6, Active
11999, 1501353187, 2017/7/29 18:33:7, Active
12999, 1501353188, 2017/7/29 18:33:8, Active
14000, 1501353189, 2017/7/29 18:33:9, Active
14999, 1501353190, 2017/7/29 18:33:10, Active
16000, 1501353191, 2017/7/29 18:33:11, Active
16999, 1501353192, 2017/7/29 18:33:12, Active
17998, 1501353193, 2017/7/29 18:33:13, Active
18999, 1501353194, 2017/7/29 18:33:14, Active
19999, 1501353195, 2017/7/29 18:33:15, Active
20999, 1501353196, 2017/7/29 18:33:16, Active
21999, 1501353197, 2017/7/29 18:33:17, Active
22999, 1501353198, 2017/7/29 18:33:18, Active
23999, 1501353199, 2017/7/29 18:33:19, Active
24999, 1501353200, 2017/7/29 18:33:20, Active
25999, 1501353201, 2017/7/29 18:33:21, Active
26998, 1501353202, 2017/7/29 18:33:22, Active
27999, 1501353203, 2017/7/29 18:33:23, Active
28999, 1501353204, 2017/7/29 18:33:24, Active
29999, 1501353205, 2017/7/29 18:33:25, Active
30999, 1501353206, 2017/7/29 18:33:26, Active
32000, 1501353207, 2017/7/29 18:33:27, Active
32998, 1501353208, 2017/7/29 18:33:28, Active
33999, 1501353209, 2017/7/29 18:33:29, Active
34999, 1501353210, 2017/7/29 18:33:30, Active
35999, 1501353211, 2017/7/29 18:33:31, Active
36999, 1501353212, 2017/7/29 18:33:32, Active
37999, 1501353213, 2017/7/29 18:33:33, Active
39000, 1501353214, 2017/7/29 18:33:34, Active
39999, 1501353215, 2017/7/29 18:33:35, Active
40999, 1501353216, 2017/7/29 18:33:36, Active
41999, 1501353217, 2017/7/29 18:33:37, Active
42999, 1501353218, 2017/7/29 18:33:38, Active
43999, 1501353219, 2017/7/29 18:33:39, Active
44999, 1501353220, 2017/7/29 18:33:40, Active
46000, 1501353221, 2017/7/29 18:33:41, Active
46999, 1501353222, 2017/7/29 18:33:42, Active
48000, 1501353223, 2017/7/29 18:33:43, Active
48999, 1501353224, 2017/7/29 18:33:44, Active
49998, 1501353225, 2017/7/29 18:33:45, Active
50999, 1501353226, 2017/7/29 18:33:46, Active
51999, 1501353227, 2017/7/29 18:33:47, Active
52999, 1501353228, 2017/7/29 18:33:48, Active
53999, 1501353229, 2017/7/29 18:33:49, Active
55000, 1501353230, 2017/7/29 18:33:50, Active
55999, 1501353231, 2017/7/29 18:33:51, Active
56999, 1501353232, 2017/7/29 18:33:52, Active
57999, 1501353233, 2017/7/29 18:33:53, Active
58999, 1501353234, 2017/7/29 18:33:54, Active
59999, 1501353235, 2017/7/29 18:33:55, Active
60999, 1501353236, 2017/7/29 18:33:56, Active
61999, 1501353237, 2017/7/29 18:33:57, Active
62998, 1501353238, 2017/7/29 18:33:58, Active
64000, 1501353239, 2017/7/29 18:33:59, Active
64999, 1501353240, 2017/7/29 18:34:0, Active
65999, 1501353241, 2017/7/29 18:34:1, Active
66999, 1501353242, 2017/7/29 18:34:2, Active
67999, 1501353243, 2017/7/29 18:34:3, Active
68998, 1501353244, 2017/7/29 18:34:4, Active
69999, 1501353245, 2017/7/29 18:34:5, Active
71000, 1501353246, 2017/7/29 18:34:6, Active
71999, 1501353247, 2017/7/29 18:34:7, Active
72999, 1501353248, 2017/7/29 18:34:8, Active
73999, 1501353249, 2017/7/29 18:34:9, Active
74999, 1501353250, 2017/7/29 18:34:10, Active
75999, 1501353251, 2017/7/29 18:34:11, Active
76999, 1501353252, 2017/7/29 18:34:12, Active
77999, 1501353253, 2017/7/29 18:34:13, Active
78998, 1501353254, 2017/7/29 18:34:14, Active
80000, 1501353255, 2017/7/29 18:34:15, Active
80999, 1501353256, 2017/7/29 18:34:16, Active
81999, 1501353257, 2017/7/29 18:34:17, Active
82999, 1501353258, 2017/7/29 18:34:18, Active
83999, 1501353259, 2017/7/29 18:34:19, Active
84999, 1501353260, 2017/7/29 18:34:20, Active
85999, 1501353261, 2017/7/29 18:34:21, Active
87000, 1501353262, 2017/7/29 18:34:22, Active
87999, 1501353263, 2017/7/29 18:34:23, Active
88999, 1501353264, 2017/7/29 18:34:24, Active
89999, 1501353265, 2017/7/29 18:34:25, Active
90999, 1501353266, 2017/7/29 18:34:26, Active
91999, 1501353267, 2017/7/29 18:34:27, Active
92999, 1501353268, 2017/7/29 18:34:28, Active
93999, 1501353269, 2017/7/29 18:34:29, Active
94998, 1501353270, 2017/7/29 18:34:30, Active
96000, 1501353271, 2017/7/29 18:34:31, Active
96999, 1501353272, 2017/7/29 18:34:32, Active
97999, 1501353273, 2017/7/29 18:34:33, Active
98999, 1501353274, 2017/7/29 18:34:34, Active
99999, 1501353275, 2017/7/29 18:34:35, Active
101000, 1501353276, 2017/7/29 18:34:36, Active
101999, 1501353277, 2017/7/29 18:34:37, Active
103000, 1501353278, 2017/7/29 18:34:38, Active
103999, 1501353279, 2017/7/29 18:34:39, Active
104999, 1501353280, 2017/7/29 18:34:40, Active
105999, 1501353281, 2017/7/29 18:34:41, Active
106999, 1501353282, 2017/7/29 18:34:42, Active
107999, 1501353283, 2017/7/29 18:34:43, Active
108999, 1501353284, 2017/7/29 18:34:44, Active
109999, 1501353285, 2017/7/29 18:34:45, Active
110999, 1501353286, 2017/7/29 18:34:46, Active
112000, 1501353287, 2017/7/29 18:34:47, Active
112999, 1501353288, 2017/7/29 18:34:48, Active
113999, 1501353289, 2017/7/29 18:34:49, Active
114999, 1501353290, 2017/7/29 18:34:50, Active
115999, 1501353291, 2017/7/29 18:34:51, Active
116999, 1501353292, 2017/7/29 18:34:52, Active
117999, 1501353293, 2017/7/29 18:34:53, Active
119000, 1501353294, 2017/7/29 18:34:54, Active
119999, 1501353295, 2017/7/29 18:34:55, Active
120999, 1501353296, 2017/7/29 18:34:56, Active
121998, 1501353297, 2017/7/29 18:34:57, Active
122999, 1501353298, 2017/7/29 18:34:58, Active
123999, 1501353299, 2017/7/29 18:34:59, Active
124999, 1501353300, 2017/7/29 18:35:0, Active
125999, 1501353301, 2017/7/29 18:35:1, Active
126999, 1501353302, 2017/7/29 18:35:2, Inactive
128000, 1501353303, 2017/7/29 18:35:3, Active
128999, 1501353304, 2017/7/29 18:35:4, Active
129999, 1501353305, 2017/7/29 18:35:5, Active
130999, 1501353306, 2017/7/29 18:35:6, Active
131999, 1501353307, 2017/7/29 18:35:7, Active
133000, 1501353308, 2017/7/29 18:35:8, Active
133999, 1501353309, 2017/7/29 18:35:9, Active
135000, 1501353310, 2017/7/29 18:35:10, Active
135999, 1501353311, 2017/7/29 18:35:11, Active
136999, 1501353312, 2017/7/29 18:35:12, Active
137999, 1501353313, 2017/7/29 18:35:13, Active
138999, 1501353314, 2017/7/29 18:35:14, Active
139999, 1501353315, 2017/7/29 18:35:15, Active
140999, 1501353316, 2017/7/29 18:35:16, Active
142000, 1501353317, 2017/7/29 18:35:17, Active
142999, 1501353318, 2017/7/29 18:35:18, Active
144000, 1501353319, 2017/7/29 18:35:19, Active
144999, 1501353320, 2017/7/29 18:35:20, Active
145999, 1501353321, 2017/7/29 18:35:21, Active
146999, 1501353322, 2017/7/29 18:35:22, Active
147999, 1501353323, 2017/7/29 18:35:23, Active
148999, 1501353324, 2017/7/29 18:35:24, Active
149999, 1501353325, 2017/7/29 18:35:25, Active
151000, 1501353326, 2017/7/29 18:35:26, Active
151999, 1501353327, 2017/7/29 18:35:27, Active
152999, 1501353328, 2017/7/29 18:35:28, Active
153999, 1501353329, 2017/7/29 18:35:29, Active
154999, 1501353330, 2017/7/29 18:35:30, Active
155999, 1501353331, 2017/7/29 18:35:31, Active
156999, 1501353332, 2017/7/29 18:35:32, Active
157999, 1501353333, 2017/7/29 18:35:33, Active
158999, 1501353334, 2017/7/29 18:35:34, Active
160000, 1501353335, 2017/7/29 18:35:35, Active
160999, 1501353336, 2017/7/29 18:35:36, Active
161998, 1501353337, 2017/7/29 18:35:37, Active
162999, 1501353338, 2017/7/29 18:35:38, Active
163999, 1501353339, 2017/7/29 18:35:39, Active
165000, 1501353340, 2017/7/29 18:35:40, Active
165999, 1501353341, 2017/7/29 18:35:41, Active
167000, 1501353342, 2017/7/29 18:35:42, Active
167999, 1501353343, 2017/7/29 18:35:43, Active
168999, 1501353344, 2017/7/29 18:35:44, Active
169999, 1501353345, 2017/7/29 18:35:45, Active
170999, 1501353346, 2017/7/29 18:35:46, Active
171999, 1501353347, 2017/7/29 18:35:47, Active
172999, 1501353348, 2017/7/29 18:35:48, Active
173999, 1501353349, 2017/7/29 18:35:49, Active
174999, 1501353350, 2017/7/29 18:35:50, Active
176000, 1501353351, 2017/7/29 18:35:51, Active
176999, 1501353352, 2017/7/29 18:35:52, Active
177999, 1501353353, 2017/7/29 18:35:53, Active
178999, 1501353354, 2017/7/29 18:35:54, Active
179999, 1501353355, 2017/7/29 18:35:55, Active
180999, 1501353356, 2017/7/29 18:35:56, Active
181999, 1501353357, 2017/7/29 18:35:57, Active
183000, 1501353358, 2017/7/29 18:35:58, Active
183999, 1501353359, 2017/7/29 18:35:59, Active
184999, 1501353360, 2017/7/29 18:36:0, Active
185999, 1501353361, 2017/7/29 18:36:1, Active
186999, 1501353362, 2017/7/29 18:36:2, Active
187999, 1501353363, 2017/7/29 18:36:3, Active
188999, 1501353364, 2017/7/29 18:36:4, Active
189999, 1501353365, 2017/7/29 18:36:5, Active
190999, 1501353366, 2017/7/29 18:36:6, Inactive
191998, 1501353367, 2017/7/29 18:36:7, Inactive
192999, 1501353368, 2017/7/29 18:36:8, Inactive
193999, 1501353369, 2017/7/29 18:36:9, Inactive
194999, 1501353370, 2017/7/29 18:36:10, Active
195999, 1501353371, 2017/7/29 18:36:11, Active
197000, 1501353372, 2017/7/29 18:36:12, Active
197999, 1501353373, 2017/7/29 18:36:13, Active
199000, 1501353374, 2017/7/29 18:36:14, Active
199999, 1501353375, 2017/7/29 18:36:15, Active
200999, 1501353376, 2017/7/29 18:36:16, Active
201998, 1501353377, 2017/7/29 18:36:17, Active
202999, 1501353378, 2017/7/29 18:36:18, Active
203999, 1501353379, 2017/7/29 18:36:19, Active
204999, 1501353380, 2017/7/29 18:36:20, Active
205999, 1501353381, 2017/7/29 18:36:21, Active
206999, 1501353382, 2017/7/29 18:36:22, Active
208000, 1501353383, 2017/7/29 18:36:23, Active
